<?xml version="1.0" encoding="UTF-8"?>
<!DOCTYPE hibernate-configuration PUBLIC
        "-//Hibernate/Hibernate Configuration DTD 3.0//EN"
        "http://hibernate.sourceforge.net/hibernate-configuration-3.0.dtd">
<hibernate-configuration>
	<session-factory>
		<property name ="connection.driver_class">com.mysql.jdbc.Driver</property>
		<property name ="connection.url">jdbc:mysql://localhost:3306/hibernatedb</property>
		<property name= "connection.username">root</property>
		<property name="connection.password">Root</property>
		<property name= "dialet">org.hibernate.dialect.MySQL5Dialect</property>
		<property name="hbm2ddl.auto">create</property>
		<property name="show_sql">true</property>
		<mapping class="com.haibernet.demo1.Student"/>
	</session-factory>
</hibernate-configuration>

